ID,Nama,Induk,Boleh Admin
137,Admin Expat,,
95,All Ops Biak,,
127,Charter,,
170,Data,,
143,Data Analyst,Data,
171,Data Entry,Data,
4,Finance,,
153,Accounting,Finance,
67,Internal Audit,Finance,
148,MT Revenue,Finance,
85,TAX,Finance,
61,Treasury,Finance,
3,HR,,
79,HR Expat,HR,
73,HR Maintenance,HR,
106,HR Trainer,HR,
116,Intern,,
1,IT,,Ya
134,IT Back-End,IT,
82,IT Fullstack,IT,
68,IT Support,IT,
58,KSP,,
75,Legal,,
154,Maintenance,,
160,Chief Inspector,Maintenance,
166,Chief PPC,Maintenance,
159,Logistic,Maintenance,
162,Maintenance Sentani,Maintenance,
163,Maintenance Tarakan,Maintenance,
165,PC MX Padang,Maintenance,
158,Receiving Inspector,Maintenance,
2,Management,,Ya
55,Corp Secretary,Management,
51,Director,Management,
52,Manager Finance,Management,
59,Manager GA,Management,
53,Manager Household,Management,
77,Manager Operations,Management,
119,Manager Training,Management,
50,Managing Director,Management,
147,Marine,,
5,Marketing,,
70,Media,,
84,MT Finance,,
126,MT General,,
129,MT HR,,
111,MT Legal,,
112,MT Veterinarian,,
6,Operations,,
21,Base Banjarmasin,Operations,
98,BC Banjarmasin,Operations > Base Banjarmasin,
97,Ticketing Banjarmasin,Operations > Base Banjarmasin,
22,Unit Palangkaraya,Operations > Base Banjarmasin,
101,GC Palangkaraya,Operations > Base Banjarmasin > Unit Palangkaraya,
15,Base Dabo,Operations,
145,Admin Dabo,Operations > Base Dabo,
118,BC Dabo,Operations > Base Dabo,
16,Unit Batam,Operations > Base Dabo,
91,All Ops Batam,Operations > Base Dabo > Unit Batam,
141,Unit Tanjung Pinang,Operations > Base Dabo,
142,All Ops Tanjung Pinang,Operations > Base Dabo > Unit Tanjung Pinang,
17,Base Halim,Operations,
18,Unit Bandung,Operations > Base Halim,
115,All Ops Bandung,Operations > Base Halim > Unit Bandung,
8,Base Jakarta,Operations,
76,Admin Halim Jakarta,Operations > Base Jakarta,
30,Base Kupang,Operations,
63,Admin Kupang,Operations > Base Kupang,
62,BC Kupang,Operations > Base Kupang,
31,Unit Rote,Operations > Base Kupang,
78,All Ops Rote,Operations > Base Kupang > Unit Rote,
32,Unit Sabu,Operations > Base Kupang,
92,All Ops Sabu,Operations > Base Kupang > Unit Sabu,
33,Unit Waingapu,Operations > Base Kupang,
117,All Ops Waingapu,Operations > Base Kupang > Unit Waingapu,
49,Base Malinau,Operations,
136,Admin Malinau,Operations > Base Malinau,
139,BC Malinau,Operations > Base Malinau,
140,Ticketing Malinau,Operations > Base Malinau,
47,Base Manado,Operations,
123,Admin Manado,Operations > Base Manado,
124,BC Manado,Operations > Base Manado,
48,Unit Gorontalo,Operations > Base Manado,
120,All Ops Gorontalo,Operations > Base Manado > Unit Gorontalo,
35,Base Manokwari,Operations,
146,Admin Manokwari,Operations > Base Manokwari,
64,BC Manokwari,Operations > Base Manokwari,
121,Ticketing Manokwari,Operations > Base Manokwari,
37,Unit Biak,Operations > Base Manokwari,
36,Unit Bintuni,Operations > Base Manokwari,
94,All Ops Bintuni,Operations > Base Manokwari > Unit Bintuni,
27,Base Masamba,Operations,
83,Admin Masamba,Operations > Base Masamba,
110,BC Masamba,Operations > Base Masamba,
28,Unit Rampi,Operations > Base Masamba,
42,Base Medan,Operations,
113,Admin Medan,Operations > Base Medan,
150,BC Medan,Operations > Base Medan,
43,Unit Aceh,Operations > Base Medan,
100,All Ops Aceh,Operations > Base Medan > Unit Aceh,
44,Unit Simelue,Operations > Base Medan,
96,All Ops Simulue,Operations > Base Medan > Unit Simelue,
38,Base Merauke,Operations,
122,Admin Merauke,Operations > Base Merauke,
135,BC Merauke,Operations > Base Merauke,
81,Ticketing Merauke,Operations > Base Merauke,
39,Unit Kepi,Operations > Base Merauke,
109,Ticketing Kepi,Operations > Base Merauke > Unit Kepi,
19,Base Nusawiru,Operations,
9,Base Padang,Operations,
133,Admin Padang,Operations > Base Padang,
103,BC Padang,Operations > Base Padang,
104,Ticketing Padang,Operations > Base Padang,
11,Unit Gunungsitoli,Operations > Base Padang,
90,All Ops Gunungsitoli,Operations > Base Padang > Unit Gunungsitoli,
10,Unit Tello,Operations > Base Padang,
89,GC Tello,Operations > Base Padang > Unit Tello,
40,Base Sentani,Operations,
99,Admin Sentani,Operations > Base Sentani,
66,BC Sentani,Operations > Base Sentani,
107,Ticketing Sentani,Operations > Base Sentani,
34,Base Sorong,Operations,
151,Admin Sorong,Operations > Base Sorong,
144,BC Sorong,Operations > Base Sorong,
20,Base Surabaya,Operations,
132,BC Surabaya,Operations > Base Surabaya,
74,Ticketing Surabaya,Operations > Base Surabaya,
23,Base Tarakan,Operations,
88,BC Tarakan,Operations > Base Tarakan,
102,Ticketing Tarakan,Operations > Base Tarakan,
25,Unit Long Bawan,Operations > Base Tarakan,
26,Unit Nunukan,Operations > Base Tarakan,
93,All Ops Nunukan,Operations > Base Tarakan > Unit Nunukan,
24,Unit Tanjungselor,Operations > Base Tarakan,
131,All Ops Tanjung Selor,Operations > Base Tarakan > Unit Tanjungselor,
29,Base Ternate,Operations,
114,Admin Ternate,Operations > Base Ternate,
130,BC Ternate,Operations > Base Ternate,
41,Base Wamena,Operations,
108,BC Wamena,Operations > Base Wamena,
45,Base Yogyakarta,Operations,
80,Ticketing Yogyakarta,Operations > Base Yogyakarta,
46,Unit Semarang,Operations > Base Yogyakarta,
128,BC Semarang,Operations > Base Yogyakarta > Unit Semarang,
138,Call Center,Operations,
71,Chief Operations,Operations,
125,Chief Pilot,Operations,
65,Flight Following,Operations,
105,OCC,Operations,
149,PA to Director,,
152,PA to Managing Director,,
56,PA to Owner,,
87,Perintis,,
86,PIC General Affairs,,
72,PIC Legal,,
57,PIC Media,,
155,SES,,
169,Principal SES,SES,
156,SFS,,
168,Finance Flyingschool,SFS,
161,Flight Instructor,SFS,
167,Instructor SFS,SFS,
60,SQS,,
157,Training,,
164,Admin Training,Training,
69,Travel,,
12,Unknown,,
172,Belum Ada Posisi,Unknown,
54,DKM Mesjid,Unknown,
